{"cameraMode":{"drawMode":0,"name":"Shaded","section":"Shading Mode"},"sceneLighting":true,"audioPlay":false,"sceneViewState":{"showFog":true,"showMaterialUpdate":false,"showSkybox":true,"showFlares":true,"showImageEffects":true,"showParticleSystems":true},"in2DMode":false,"pivot":{"x":69.34176635742188,"y":43.1822509765625,"z":13.156097412109375},"rotation":{"x":0.3214716911315918,"y":0.014186840504407883,"z":-0.004852287005633116,"w":0.9468494653701782},"size":389.15521240234377,"orthographic":false}